sl,sr,el,er,hl,hr,kl,kr
83.3051388,87.19104172,84.07184035,75.85784265,154.5276718,147.8253048,174.1359758,175.2405485
0.25,0.25,0.25,0.25,0,0,0,0
